{
  "DELETE_character" : {
    "transaction" : "DELETE_character",
    "sampleCount" : 9390,
    "errorCount" : 9389,
    "errorPct" : 99.98935,
    "meanResTime" : 386.85026624068433,
    "medianResTime" : 351.0,
    "minResTime" : 2.0,
    "maxResTime" : 2780.0,
    "pct1ResTime" : 581.0,
    "pct2ResTime" : 709.0,
    "pct3ResTime" : 1631.8100000000013,
    "throughput" : 154.5373753332675,
    "receivedKBytesPerSec" : 41.20022716706165,
    "sentKBytesPerSec" : 27.315688413399823
  },
  "GET_characters" : {
    "transaction" : "GET_characters",
    "sampleCount" : 10504,
    "errorCount" : 754,
    "errorPct" : 7.178218,
    "meanResTime" : 3287.597581873576,
    "medianResTime" : 395.5,
    "minResTime" : 7.0,
    "maxResTime" : 63611.0,
    "pct1ResTime" : 1076.5,
    "pct2ResTime" : 34322.75,
    "pct3ResTime" : 63032.9,
    "throughput" : 107.69136131558982,
    "receivedKBytesPerSec" : 23579.73855382005,
    "sentKBytesPerSec" : 16.564237303666264
  },
  "Total" : {
    "transaction" : "Total",
    "sampleCount" : 52232,
    "errorCount" : 23210,
    "errorPct" : 44.43636,
    "meanResTime" : 5879.786031551534,
    "medianResTime" : 561.0,
    "minResTime" : 1.0,
    "maxResTime" : 130497.0,
    "pct1ResTime" : 65569.0,
    "pct2ResTime" : 67134.9,
    "pct3ResTime" : 129919.0,
    "throughput" : 397.62182078394653,
    "receivedKBytesPerSec" : 17617.689486177405,
    "sentKBytesPerSec" : 72.04523103318337
  },
  "CREATE_character" : {
    "transaction" : "CREATE_character",
    "sampleCount" : 13319,
    "errorCount" : 3670,
    "errorPct" : 27.55462,
    "meanResTime" : 19608.38396275996,
    "medianResTime" : 458.0,
    "minResTime" : 3.0,
    "maxResTime" : 130497.0,
    "pct1ResTime" : 66775.0,
    "pct2ResTime" : 128158.0,
    "pct3ResTime" : 130322.0,
    "throughput" : 101.39234628238214,
    "receivedKBytesPerSec" : 51.62274072022899,
    "sentKBytesPerSec" : 20.03168243190521
  },
  "GET_character_by_id" : {
    "transaction" : "GET_character_by_id",
    "sampleCount" : 9573,
    "errorCount" : 3,
    "errorPct" : 0.03133814,
    "meanResTime" : 419.7463699989551,
    "medianResTime" : 360.0,
    "minResTime" : 1.0,
    "maxResTime" : 31130.0,
    "pct1ResTime" : 643.0,
    "pct2ResTime" : 725.0,
    "pct3ResTime" : 2036.8600000000024,
    "throughput" : 125.64970861553002,
    "receivedKBytesPerSec" : 33.521724221662204,
    "sentKBytesPerSec" : 19.508024147503544
  },
  "CHANGE_character" : {
    "transaction" : "CHANGE_character",
    "sampleCount" : 9446,
    "errorCount" : 9394,
    "errorPct" : 99.4495,
    "meanResTime" : 398.6065001058653,
    "medianResTime" : 350.0,
    "minResTime" : 2.0,
    "maxResTime" : 2921.0,
    "pct1ResTime" : 590.0,
    "pct2ResTime" : 696.0,
    "pct3ResTime" : 2242.0,
    "throughput" : 155.05326570476518,
    "receivedKBytesPerSec" : 41.33539106999228,
    "sentKBytesPerSec" : 33.99280997623972
  }
}