{
  "DELETE_character" : {
    "transaction" : "DELETE_character",
    "sampleCount" : 12000,
    "errorCount" : 12000,
    "errorPct" : 100.0,
    "meanResTime" : 140.57291666666674,
    "medianResTime" : 50.0,
    "minResTime" : 1.0,
    "maxResTime" : 21922.0,
    "pct1ResTime" : 486.0,
    "pct2ResTime" : 547.0,
    "pct3ResTime" : 806.0,
    "throughput" : 56.489196441180624,
    "receivedKBytesPerSec" : 15.060108035588193,
    "sentKBytesPerSec" : 9.984906792825871
  },
  "GET_characters" : {
    "transaction" : "GET_characters",
    "sampleCount" : 12000,
    "errorCount" : 718,
    "errorPct" : 5.983333,
    "meanResTime" : 6662.4300000000085,
    "medianResTime" : 71.0,
    "minResTime" : 20.0,
    "maxResTime" : 83004.0,
    "pct1ResTime" : 28362.19999999999,
    "pct2ResTime" : 34776.29999999999,
    "pct3ResTime" : 58647.479999999945,
    "throughput" : 55.21099803080774,
    "receivedKBytesPerSec" : 58427.75093200909,
    "sentKBytesPerSec" : 8.009171208154664
  },
  "Total" : {
    "transaction" : "Total",
    "sampleCount" : 60000,
    "errorCount" : 27352,
    "errorPct" : 45.586666,
    "meanResTime" : 6927.81976666662,
    "medianResTime" : 53.0,
    "minResTime" : 0.0,
    "maxResTime" : 150763.0,
    "pct1ResTime" : 12703.000000000073,
    "pct2ResTime" : 30279.700000000004,
    "pct3ResTime" : 150148.0,
    "throughput" : 274.70389209631117,
    "receivedKBytesPerSec" : 58222.99127339418,
    "sentKBytesPerSec" : 47.90987001069056
  },
  "CREATE_character" : {
    "transaction" : "CREATE_character",
    "sampleCount" : 12000,
    "errorCount" : 2502,
    "errorPct" : 20.85,
    "meanResTime" : 24988.61358333339,
    "medianResTime" : 61.0,
    "minResTime" : 1.0,
    "maxResTime" : 150763.0,
    "pct1ResTime" : 131169.5,
    "pct2ResTime" : 132021.95,
    "pct3ResTime" : 150417.99,
    "throughput" : 54.954616645753376,
    "receivedKBytesPerSec" : 36.19740921898041,
    "sentKBytesPerSec" : 9.745428462827782
  },
  "GET_character_by_id" : {
    "transaction" : "GET_character_by_id",
    "sampleCount" : 12000,
    "errorCount" : 132,
    "errorPct" : 1.1,
    "meanResTime" : 2182.1190833333358,
    "medianResTime" : 49.0,
    "minResTime" : 0.0,
    "maxResTime" : 67454.0,
    "pct1ResTime" : 3090.8999999999996,
    "pct2ResTime" : 17182.0,
    "pct3ResTime" : 35898.829999999994,
    "throughput" : 55.339832689239174,
    "receivedKBytesPerSec" : 15.835028355899686,
    "sentKBytesPerSec" : 8.498285185757371
  },
  "CHANGE_character" : {
    "transaction" : "CHANGE_character",
    "sampleCount" : 12000,
    "errorCount" : 12000,
    "errorPct" : 100.0,
    "meanResTime" : 665.3632500000006,
    "medianResTime" : 52.0,
    "minResTime" : 1.0,
    "maxResTime" : 52699.0,
    "pct1ResTime" : 682.8999999999996,
    "pct2ResTime" : 3159.8999999998014,
    "pct3ResTime" : 25072.789999999994,
    "throughput" : 55.66275790411162,
    "receivedKBytesPerSec" : 14.839778230295384,
    "sentKBytesPerSec" : 12.207040309693669
  }
}