{
  "DELETE_character" : {
    "transaction" : "DELETE_character",
    "sampleCount" : 2000,
    "errorCount" : 2000,
    "errorPct" : 100.0,
    "meanResTime" : 149.1209999999999,
    "medianResTime" : 21.0,
    "minResTime" : 2.0,
    "maxResTime" : 1386.0,
    "pct1ResTime" : 413.0,
    "pct2ResTime" : 423.0,
    "pct3ResTime" : 449.0,
    "throughput" : 136.60269107301414,
    "receivedKBytesPerSec" : 36.418490881770374,
    "sentKBytesPerSec" : 24.145592855679258
  },
  "GET_characters" : {
    "transaction" : "GET_characters",
    "sampleCount" : 2000,
    "errorCount" : 0,
    "errorPct" : 0.0,
    "meanResTime" : 249.31499999999969,
    "medianResTime" : 34.0,
    "minResTime" : 6.0,
    "maxResTime" : 1382.0,
    "pct1ResTime" : 767.0,
    "pct2ResTime" : 933.8999999999996,
    "pct3ResTime" : 1240.3700000000006,
    "throughput" : 134.83449066271152,
    "receivedKBytesPerSec" : 17042.114710442933,
    "sentKBytesPerSec" : 20.804540551473067
  },
  "Total" : {
    "transaction" : "Total",
    "sampleCount" : 10000,
    "errorCount" : 4000,
    "errorPct" : 40.0,
    "meanResTime" : 860.8105999999958,
    "medianResTime" : 35.0,
    "minResTime" : 2.0,
    "maxResTime" : 16061.0,
    "pct1ResTime" : 1080.0,
    "pct2ResTime" : 6840.299999999985,
    "pct3ResTime" : 13293.739999999994,
    "throughput" : 614.4015728680265,
    "receivedKBytesPerSec" : 15663.267737965409,
    "sentKBytesPerSec" : 114.28667257388179
  },
  "CREATE_character" : {
    "transaction" : "CREATE_character",
    "sampleCount" : 2000,
    "errorCount" : 0,
    "errorPct" : 0.0,
    "meanResTime" : 3531.5065000000004,
    "medianResTime" : 779.0,
    "minResTime" : 4.0,
    "maxResTime" : 16061.0,
    "pct1ResTime" : 12329.9,
    "pct2ResTime" : 13292.699999999995,
    "pct3ResTime" : 14677.82,
    "throughput" : 123.05420537746878,
    "receivedKBytesPerSec" : 33.84291073186488,
    "sentKBytesPerSec" : 27.607102823324926
  },
  "GET_character_by_id" : {
    "transaction" : "GET_character_by_id",
    "sampleCount" : 2000,
    "errorCount" : 0,
    "errorPct" : 0.0,
    "meanResTime" : 215.46200000000022,
    "medianResTime" : 29.0,
    "minResTime" : 2.0,
    "maxResTime" : 1376.0,
    "pct1ResTime" : 696.0,
    "pct2ResTime" : 761.0,
    "pct3ResTime" : 924.95,
    "throughput" : 134.86176668914362,
    "receivedKBytesPerSec" : 35.95435772083614,
    "sentKBytesPerSec" : 20.940450101146325
  },
  "CHANGE_character" : {
    "transaction" : "CHANGE_character",
    "sampleCount" : 2000,
    "errorCount" : 2000,
    "errorPct" : 100.0,
    "meanResTime" : 158.6484999999997,
    "medianResTime" : 23.0,
    "minResTime" : 6.0,
    "maxResTime" : 1390.0,
    "pct1ResTime" : 417.0,
    "pct2ResTime" : 443.0,
    "pct3ResTime" : 782.99,
    "throughput" : 135.0438892640108,
    "receivedKBytesPerSec" : 36.002911883862254,
    "sentKBytesPerSec" : 29.626967631667792
  }
}