{
  "DELETE_character" : {
    "transaction" : "DELETE_character",
    "sampleCount" : 3935,
    "errorCount" : 3935,
    "errorPct" : 100.0,
    "meanResTime" : 203.14587039390082,
    "medianResTime" : 191.0,
    "minResTime" : 43.0,
    "maxResTime" : 600.0,
    "pct1ResTime" : 318.0,
    "pct2ResTime" : 347.0,
    "pct3ResTime" : 386.0,
    "throughput" : 134.97753232943435,
    "receivedKBytesPerSec" : 35.98522102142147,
    "sentKBytesPerSec" : 23.858333351198848
  },
  "GET_characters" : {
    "transaction" : "GET_characters",
    "sampleCount" : 4080,
    "errorCount" : 0,
    "errorPct" : 0.0,
    "meanResTime" : 236.3583333333332,
    "medianResTime" : 227.0,
    "minResTime" : 72.0,
    "maxResTime" : 775.0,
    "pct1ResTime" : 342.0,
    "pct2ResTime" : 379.0,
    "pct3ResTime" : 603.19,
    "throughput" : 136.11796890638553,
    "receivedKBytesPerSec" : 52786.70156713944,
    "sentKBytesPerSec" : 21.002577233602455
  },
  "Total" : {
    "transaction" : "Total",
    "sampleCount" : 20912,
    "errorCount" : 8280,
    "errorPct" : 39.59449,
    "meanResTime" : 1517.390350038255,
    "medianResTime" : 223.0,
    "minResTime" : 43.0,
    "maxResTime" : 40905.0,
    "pct1ResTime" : 354.0,
    "pct2ResTime" : 499.9500000000007,
    "pct3ResTime" : 30865.960000000006,
    "throughput" : 492.31348729900884,
    "receivedKBytesPerSec" : 37355.7047692722,
    "sentKBytesPerSec" : 92.2685916790263
  },
  "CREATE_character" : {
    "transaction" : "CREATE_character",
    "sampleCount" : 4906,
    "errorCount" : 377,
    "errorPct" : 7.684468,
    "meanResTime" : 5746.625764370159,
    "medianResTime" : 240.0,
    "minResTime" : 72.0,
    "maxResTime" : 40905.0,
    "pct1ResTime" : 29796.3,
    "pct2ResTime" : 30722.6,
    "pct3ResTime" : 40569.79,
    "throughput" : 115.4977988087671,
    "receivedKBytesPerSec" : 31.786342645725924,
    "sentKBytesPerSec" : 25.88259620647645
  },
  "GET_character_by_id" : {
    "transaction" : "GET_character_by_id",
    "sampleCount" : 4023,
    "errorCount" : 0,
    "errorPct" : 0.0,
    "meanResTime" : 222.45935868754643,
    "medianResTime" : 216.0,
    "minResTime" : 64.0,
    "maxResTime" : 774.0,
    "pct1ResTime" : 328.0,
    "pct2ResTime" : 358.0,
    "pct3ResTime" : 459.5199999999995,
    "throughput" : 135.13150381243491,
    "receivedKBytesPerSec" : 36.02627005936986,
    "sentKBytesPerSec" : 20.982333111501124
  },
  "CHANGE_character" : {
    "transaction" : "CHANGE_character",
    "sampleCount" : 3968,
    "errorCount" : 3968,
    "errorPct" : 100.0,
    "meanResTime" : 221.78578629032262,
    "medianResTime" : 218.0,
    "minResTime" : 51.0,
    "maxResTime" : 755.0,
    "pct1ResTime" : 330.0,
    "pct2ResTime" : 364.0,
    "pct3ResTime" : 410.6199999999999,
    "throughput" : 135.55153212858264,
    "receivedKBytesPerSec" : 36.13825026474909,
    "sentKBytesPerSec" : 29.724990552300756
  }
}