{
  "DELETE_character" : {
    "transaction" : "DELETE_character",
    "sampleCount" : 100,
    "errorCount" : 100,
    "errorPct" : 100.0,
    "meanResTime" : 5.629999999999996,
    "medianResTime" : 2.0,
    "minResTime" : 1.0,
    "maxResTime" : 31.0,
    "pct1ResTime" : 18.400000000000034,
    "pct2ResTime" : 20.94999999999999,
    "pct3ResTime" : 30.989999999999995,
    "throughput" : 138.50415512465375,
    "receivedKBytesPerSec" : 36.92542416897507,
    "sentKBytesPerSec" : 24.48169148199446
  },
  "GET_characters" : {
    "transaction" : "GET_characters",
    "sampleCount" : 100,
    "errorCount" : 0,
    "errorPct" : 0.0,
    "meanResTime" : 8.070000000000002,
    "medianResTime" : 3.0,
    "minResTime" : 1.0,
    "maxResTime" : 51.0,
    "pct1ResTime" : 24.0,
    "pct2ResTime" : 27.94999999999999,
    "pct3ResTime" : 50.969999999999985,
    "throughput" : 132.80212483399734,
    "receivedKBytesPerSec" : 1491.8697605411687,
    "sentKBytesPerSec" : 20.490952855245684
  },
  "Total" : {
    "transaction" : "Total",
    "sampleCount" : 500,
    "errorCount" : 200,
    "errorPct" : 40.0,
    "meanResTime" : 11.395999999999985,
    "medianResTime" : 3.0,
    "minResTime" : 1.0,
    "maxResTime" : 86.0,
    "pct1ResTime" : 31.0,
    "pct2ResTime" : 67.0,
    "pct3ResTime" : 83.92000000000007,
    "throughput" : 602.4096385542169,
    "receivedKBytesPerSec" : 1483.612575301205,
    "sentKBytesPerSec" : 112.07996046686748
  },
  "CREATE_character" : {
    "transaction" : "CREATE_character",
    "sampleCount" : 100,
    "errorCount" : 0,
    "errorPct" : 0.0,
    "meanResTime" : 28.059999999999995,
    "medianResTime" : 4.5,
    "minResTime" : 2.0,
    "maxResTime" : 86.0,
    "pct1ResTime" : 71.70000000000002,
    "pct2ResTime" : 83.59999999999991,
    "pct3ResTime" : 86.0,
    "throughput" : 121.50668286755771,
    "receivedKBytesPerSec" : 33.35856811968409,
    "sentKBytesPerSec" : 27.31289869380316
  },
  "GET_character_by_id" : {
    "transaction" : "GET_character_by_id",
    "sampleCount" : 100,
    "errorCount" : 0,
    "errorPct" : 0.0,
    "meanResTime" : 8.079999999999995,
    "medianResTime" : 2.0,
    "minResTime" : 1.0,
    "maxResTime" : 51.0,
    "pct1ResTime" : 30.0,
    "pct2ResTime" : 31.0,
    "pct3ResTime" : 50.989999999999995,
    "throughput" : 133.5113484646195,
    "receivedKBytesPerSec" : 36.37662716955941,
    "sentKBytesPerSec" : 20.730766021361816
  },
  "CHANGE_character" : {
    "transaction" : "CHANGE_character",
    "sampleCount" : 100,
    "errorCount" : 100,
    "errorPct" : 100.0,
    "meanResTime" : 7.140000000000007,
    "medianResTime" : 3.0,
    "minResTime" : 1.0,
    "maxResTime" : 31.0,
    "pct1ResTime" : 20.0,
    "pct2ResTime" : 26.94999999999999,
    "pct3ResTime" : 31.0,
    "throughput" : 135.50135501355012,
    "receivedKBytesPerSec" : 36.124872967479675,
    "sentKBytesPerSec" : 29.695174881436316
  }
}